INSERT INTO application (APPLICATION_ID, DESCRIPTION, APPLICATION_NAME, OWNER) VALUES (1, 'Trackzilla','A bug tracking application', 'Tom Joe');
INSERT INTO application (APPLICATION_ID, DESCRIPTION, APPLICATION_NAME, OWNER) VALUES (2, 'Expenses','An application used to submit expenses', 'Jane Doe');
INSERT INTO application (APPLICATION_ID, DESCRIPTION, APPLICATION_NAME, OWNER) VALUES (3, 'Bookings','An application used to book tickets', 'John Doe');
INSERT INTO application (APPLICATION_ID, DESCRIPTION, APPLICATION_NAME, OWNER) VALUES (4, 'Invoice Search','An application used to search invoices ', 'Mary Richards');
INSERT INTO application (APPLICATION_ID, DESCRIPTION, APPLICATION_NAME, OWNER) VALUES (5, 'Audits','An application used for auditing purposes.', 'Tiffany Stewart');
INSERT INTO ticket (ID, TITLE, DESCRIPTION, APPLICATION_ID, SEVERITY) VALUES (1, 'Sort Feature','Add the ability to sort tickets by severity',1,'OPEN');
INSERT INTO ticket (ID, TITLE, DESCRIPTION, APPLICATION_ID, SEVERITY) VALUES (2, 'Search Feature','Add the ability to search by invoice date',4,'IN PROGRESS');
INSERT INTO ticket (ID, TITLE, DESCRIPTION, APPLICATION_ID, SEVERITY) VALUES (3, 'Audit','Add the ability to audit by year',5,'CLOSED');
INSERT INTO ticket (ID, TITLE, DESCRIPTION, APPLICATION_ID, SEVERITY) VALUES (4, 'Booking Feature','Add the ability to book tickets online',3,'OPEN');
INSERT INTO release (ID, DESCRIPTION, RELEASE_DATE) VALUES (1,'Q1 Release Containing High Priority Bugs', '2030-02-14');
INSERT INTO release (ID, DESCRIPTION, RELEASE_DATE) VALUES (2,'Q2 Release Containing High Priority Enhancements', '2030-05-27');
INSERT INTO release (ID, DESCRIPTION, RELEASE_DATE) VALUES (3,'Q3 Release Containing Bugs', '2030-09-14');
INSERT INTO release (ID, DESCRIPTION, RELEASE_DATE) VALUES (4,'Q4 Release Containing Enhancements', '2030-12-10');
--INSERT INTO ticket_release (release_fk, ticket_fk) VALUES (1,3);
--INSERT INTO ticket_release (release_fk, ticket_fk) VALUES (2,1);
--INSERT INTO ticket_release (release_fk, ticket_fk) VALUES (2,4);
